run_id,workflow,created_at,minutes
37449815328,Phase 0 - endpoint check,2026-10-06T10:26:41Z,2
37450000472,Phase 0 - endpoint check,2026-10-06T10:28:24Z,4
37450494982,Phase 0 - endpoint check,2026-10-06T10:32:49Z,4
37455928868,.github/workflows/snapshot.yml,2026-10-06T11:22:07Z,0
37455930326,.github/workflows/results.yml,2026-10-06T11:22:08Z,0
37455958473,Tests,2026-10-06T11:22:24Z,1
37456710873,.github/workflows/results.yml,2026-10-06T11:29:10Z,0
37456711946,.github/workflows/snapshot.yml,2026-10-06T11:29:11Z,0
37456717526,Tests,2026-10-06T11:29:14Z,1
37457518037,.github/workflows/results.yml,2026-10-06T11:36:23Z,0
37457519228,.github/workflows/snapshot.yml,2026-10-06T11:36:24Z,0
37457542899,.github/workflows/results.yml,2026-10-06T11:36:36Z,0
37457544029,.github/workflows/snapshot.yml,2026-10-06T11:36:37Z,0
37457569048,Tests,2026-10-06T11:36:51Z,1
37457925374,.github/workflows/snapshot.yml,2026-10-06T11:40:07Z,0
37457926587,.github/workflows/results.yml,2026-10-06T11:40:08Z,0
37457950424,Tests,2026-10-06T11:40:20Z,1
37458764657,Tests,2026-10-06T11:47:34Z,1
37458819314,Tests,2026-10-06T11:48:04Z,1
37458820108,Tests,2026-10-06T11:48:05Z,1
37458854120,Tests,2026-10-06T11:48:23Z,1
37460194474,Tests,2026-10-06T12:00:19Z,1
37460371767,Tests,2026-10-06T12:01:47Z,1
37460393078,Results,2026-10-06T12:01:58Z,3
37460396242,Snapshot odds,2026-10-06T12:02:00Z,12
37462001219,Tests,2026-10-06T12:15:44Z,1
37466651514,Tests,2026-10-06T12:54:02Z,1
37466680760,Results,2026-10-06T12:54:16Z,151
37466685095,Snapshot odds,2026-10-06T12:54:18Z,11
37487852714,Tests,2026-10-06T15:28:51Z,1
37488718246,Tests,2026-10-06T15:34:56Z,1
37488742225,Results,2026-10-06T15:35:05Z,112
37503690186,Results,2026-10-06T17:27:30Z,31
37511965013,Health,2026-10-06T18:31:26Z,1
37513699200,Snapshot odds,2026-10-06T18:45:05Z,2
37513699859,Tests,2026-10-06T18:45:06Z,1
37517997984,Snapshot odds,2026-10-06T19:18:39Z,2
37521081840,Tests,2026-10-06T19:43:10Z,1
37547297652,Snapshot odds,2026-10-06T23:34:26Z,1
37547585029,Tests,2026-10-06T23:37:34Z,1
37580600740,Health,2026-10-07T06:16:17Z,1
37592292462,Tests,2026-10-07T08:13:01Z,1
37601733152,Tests,2026-10-07T09:36:04Z,1
37603835860,Tests,2026-10-07T09:54:45Z,1
37603873694,Tests,2026-10-07T09:55:05Z,1
37603879366,Tests,2026-10-07T09:55:08Z,1
37613057949,Tests,2026-10-07T11:17:17Z,1
37613411476,Tests,2026-10-07T11:20:28Z,1
37613443000,Tests,2026-10-07T11:20:44Z,1
37613495054,Tests,2026-10-07T11:21:11Z,1
37613587977,Tests,2026-10-07T11:22:00Z,1
37614869341,Results,2026-10-07T11:33:22Z,60
37619420690,Tests,2026-10-07T12:13:01Z,1
37621390958,Tests,2026-10-07T12:29:45Z,1
37622581631,Tests,2026-10-07T12:39:31Z,1
37622641057,Tests,2026-10-07T12:40:00Z,1
37622768923,Backfill,2026-10-07T12:41:02Z,115
37623052745,Tests,2026-10-07T12:43:23Z,1
37623651810,Tests,2026-10-07T12:48:14Z,1
37623694690,Backfill,2026-10-07T12:48:36Z,107
37624015582,Tests,2026-10-07T12:51:12Z,1
37624124574,Tests,2026-10-07T12:52:06Z,1
37639952033,Tests,2026-10-07T14:49:29Z,1
37644150122,Tests,2026-10-07T15:28:06Z,1
37646083135,Tests,2026-10-07T15:42:13Z,1
37646499345,Tests,2026-10-07T15:45:12Z,1
37651599793,Backfill,2026-10-07T16:23:12Z,102
37665853383,Tests,2026-10-07T18:18:46Z,1
37668132350,Tests,2026-10-07T18:36:31Z,1
37671291564,Health,2026-10-07T19:01:14Z,1
