league_id,season,matches,done,pct
AUT-1,2026/27,42,42,100.0
BEL-1,2026/27,63,63,100.0
DEN-1,2026/27,54,54,100.0
ENG-1,2026/27,50,50,100.0
ENG-2,2026/27,95,95,100.0
ESP-1,2026/27,69,69,100.0
ESP-2,2026/27,81,81,100.0
FRA-1,2026/27,45,45,100.0
FRA-2,2026/27,63,63,100.0
GER-1,2026/27,36,36,100.0
GER-2,2026/27,54,54,100.0
ITA-1,2026/27,50,50,100.0
ITA-2,2026/27,50,50,100.0
JPN-1,2026/27,80,80,100.0
KSA-1,2026/27,63,63,100.0
MEX-1,2026/27,88,88,100.0
NED-1,2026/27,63,63,100.0
NED-2,2026/27,89,89,100.0
POR-1,2026/27,62,62,100.0
SCO-1,2026/27,42,42,100.0
SUI-1,2026/27,54,54,100.0
TUR-1,2026/27,54,54,100.0
ARG-1,2026,411,354,86.1
BRA-1,2026,279,260,93.2
NOR-1,2026,168,168,100.0
USA-1,2026,404,404,100.0
AUT-1,2025/26,195,87,44.6
BEL-1,2025/26,313,121,38.7
DEN-1,2025/26,193,79,40.9
ENG-1,2025/26,380,130,34.2
ENG-2,2025/26,557,187,33.6
ESP-1,2025/26,380,152,40.0
ESP-2,2025/26,468,194,41.5
FRA-1,2025/26,308,119,38.6
FRA-2,2025/26,308,110,35.7
GER-1,2025/26,306,118,38.6
GER-2,2025/26,306,117,38.2
ITA-1,2025/26,380,141,37.1
ITA-2,2025/26,390,160,41.0
KSA-1,2025/26,306,126,41.2
MEX-1,2025/26,337,122,36.2
NED-1,2025/26,309,113,36.6
NED-2,2025/26,380,126,33.2
POR-1,2025/26,306,117,38.2
SCO-1,2025/26,228,81,35.5
SUI-1,2025/26,228,91,39.9
TUR-1,2025/26,306,117,38.2
ARG-1,2025,510,0,0.0
BRA-1,2025,380,0,0.0
JPN-1,2025,380,0,0.0
NOR-1,2025,240,0,0.0
USA-1,2025,540,0,0.0
AUT-1,2024/25,195,0,0.0
BEL-1,2024/25,313,0,0.0
DEN-1,2024/25,193,0,0.0
ENG-1,2024/25,380,0,0.0
ENG-2,2024/25,557,0,0.0
ESP-1,2024/25,380,0,0.0
ESP-2,2024/25,468,0,0.0
FRA-1,2024/25,308,0,0.0
FRA-2,2024/25,308,0,0.0
GER-1,2024/25,306,0,0.0
GER-2,2024/25,306,0,0.0
ITA-1,2024/25,380,0,0.0
ITA-2,2024/25,390,0,0.0
KSA-1,2024/25,306,0,0.0
MEX-1,2024/25,340,0,0.0
NED-1,2024/25,309,0,0.0
NED-2,2024/25,380,0,0.0
POR-1,2024/25,306,0,0.0
SCO-1,2024/25,228,0,0.0
SUI-1,2024/25,228,0,0.0
TUR-1,2024/25,379,0,0.0
ARG-1,2024,581,0,0.0
BRA-1,2024,380,0,0.0
JPN-1,2024,380,0,0.0
NOR-1,2024,240,0,0.0
USA-1,2024,522,0,0.0
AUT-1,2023/24,195,0,0.0
BEL-1,2023/24,315,0,0.0
DEN-1,2023/24,193,0,0.0
ENG-1,2023/24,380,0,0.0
ENG-2,2023/24,557,0,0.0
ESP-1,2023/24,380,0,0.0
ESP-2,2023/24,468,0,0.0
FRA-1,2023/24,308,0,0.0
FRA-2,2023/24,382,0,0.0
GER-1,2023/24,308,0,0.0
GER-2,2023/24,308,0,0.0
ITA-1,2023/24,380,0,0.0
ITA-2,2023/24,390,0,0.0
KSA-1,2023/24,306,0,0.0
MEX-1,2023/24,340,0,0.0
NED-1,2023/24,309,0,0.0
NED-2,2023/24,392,0,0.0
POR-1,2023/24,308,0,0.0
SCO-1,2023/24,234,0,0.0
SUI-1,2023/24,228,0,0.0
TUR-1,2023/24,380,0,0.0
ARG-1,2023,582,0,0.0
BRA-1,2023,380,0,0.0
JPN-1,2023,306,0,0.0
NOR-1,2023,240,0,0.0
USA-1,2023,521,0,0.0
AUT-1,2022/23,195,0,0.0
BEL-1,2022/23,330,0,0.0
DEN-1,2022/23,193,0,0.0
ENG-1,2022/23,380,0,0.0
ENG-2,2022/23,557,0,0.0
ESP-1,2022/23,380,0,0.0
ESP-2,2022/23,468,0,0.0
FRA-1,2022/23,380,0,0.0
FRA-2,2022/23,380,0,0.0
GER-1,2022/23,306,0,0.0
GER-2,2022/23,306,0,0.0
ITA-1,2022/23,381,0,0.0
ITA-2,2022/23,390,0,0.0
KSA-1,2022/23,240,0,0.0
MEX-1,2022/23,342,0,0.0
NED-1,2022/23,312,0,0.0
NED-2,2022/23,380,0,0.0
POR-1,2022/23,306,0,0.0
SCO-1,2022/23,228,0,0.0
SUI-1,2022/23,180,0,0.0
TUR-1,2022/23,342,0,0.0
ARG-1,2022,581,0,0.0
BRA-1,2022,380,0,0.0
JPN-1,2022,306,0,0.0
NOR-1,2022,240,0,0.0
USA-1,2022,489,0,0.0
AUT-1,2021/22,195,0,0.0
BEL-1,2021/22,331,0,0.0
DEN-1,2021/22,193,0,0.0
ENG-1,2021/22,380,0,0.0
ENG-2,2021/22,557,0,0.0
ESP-1,2021/22,380,0,0.0
ESP-2,2021/22,468,0,0.0
FRA-1,2021/22,380,0,0.0
FRA-2,2021/22,382,0,0.0
GER-1,2021/22,306,0,0.0
GER-2,2021/22,306,0,0.0
ITA-1,2021/22,380,0,0.0
ITA-2,2021/22,390,0,0.0
KSA-1,2021/22,240,0,0.0
MEX-1,2021/22,342,0,0.0
NED-1,2021/22,312,0,0.0
NED-2,2021/22,380,0,0.0
POR-1,2021/22,306,0,0.0
SCO-1,2021/22,228,0,0.0
SUI-1,2021/22,180,0,0.0
TUR-1,2021/22,380,0,0.0
ARG-1,2021,501,0,0.0
BRA-1,2021,380,0,0.0
JPN-1,2021,380,0,0.0
NOR-1,2021,240,0,0.0
USA-1,2021,472,0,0.0
AUT-1,2020/21,195,0,0.0
BEL-1,2020/21,330,0,0.0
DEN-1,2020/21,193,0,0.0
ENG-1,2020/21,380,0,0.0
ENG-2,2020/21,557,0,0.0
ESP-1,2020/21,380,0,0.0
ESP-2,2020/21,468,0,0.0
FRA-1,2020/21,380,0,0.0
FRA-2,2020/21,382,0,0.0
GER-1,2020/21,306,0,0.0
GER-2,2020/21,306,0,0.0
ITA-1,2020/21,380,0,0.0
ITA-2,2020/21,388,0,0.0
KSA-1,2020/21,240,0,0.0
MEX-1,2020/21,342,0,0.0
NED-1,2020/21,309,0,0.0
NED-2,2020/21,380,0,0.0
POR-1,2020/21,306,0,0.0
SCO-1,2020/21,228,0,0.0
SUI-1,2020/21,180,0,0.0
TUR-1,2020/21,420,0,0.0
ARG-1,2020,135,0,0.0
BRA-1,2020,380,0,0.0
JPN-1,2020,441,0,0.0
NOR-1,2020,291,0,0.0
USA-1,2020,497,0,0.0
AUT-1,2019/20,189,0,0.0
BEL-1,2019/20,232,0,0.0
DEN-1,2019/20,222,0,0.0
ENG-1,2019/20,380,0,0.0
ENG-2,2019/20,557,0,0.0
ESP-1,2019/20,380,0,0.0
ESP-2,2019/20,468,0,0.0
FRA-1,2019/20,380,0,0.0
FRA-2,2019/20,370,0,0.0
GER-2,2019/20,297,0,0.0
ITA-1,2019/20,380,0,0.0
ITA-2,2019/20,390,0,0.0
KSA-1,2019/20,240,0,0.0
MEX-1,2019/20,320,0,0.0
NED-1,2019/20,306,0,0.0
NED-2,2019/20,380,0,0.0
POR-1,2019/20,306,0,0.0
SCO-1,2019/20,198,0,0.0
SUI-1,2019/20,170,0,0.0
TUR-1,2019/20,306,0,0.0
ARG-1,2019,264,0,0.0
BRA-1,2019,261,0,0.0
JPN-1,2019,126,0,0.0
NOR-1,2019,121,0,0.0
USA-1,2019,149,0,0.0
