job,kind,key,match_id,match_date,kickoff_utc,first_failed_utc,last_failed_utc,attempts,last_error
backfill,match,14nqbumk6vqa5wiuc54vkm8t0,14nqbumk6vqa5wiuc54vkm8t0,2024-11-29,,2026-10-11T04:05:22Z,2026-10-11T04:05:22Z,1,RuntimeError('popup HTTP 502')
backfill,match,1hkg1k8fn04f72dzc8zb54ro4,1hkg1k8fn04f72dzc8zb54ro4,2024-11-23,,2026-10-11T04:05:22Z,2026-10-11T04:05:22Z,1,RuntimeError('popup HTTP 502')
backfill,match,4ejird88ief7e41p6zgm7vn6c,4ejird88ief7e41p6zgm7vn6c,2024-11-26,,2026-10-11T04:05:22Z,2026-10-11T04:05:22Z,1,statistics page failed (saved without statistics)
backfill,match,4lqv9p8bn4p0q9vky4bj74xlg,4lqv9p8bn4p0q9vky4bj74xlg,2024-11-30,,2026-10-11T02:20:16Z,2026-10-11T04:05:22Z,2,statistics page failed (saved without statistics)
backfill,match,4mzlr00anoskpc4gu608ngetw,4mzlr00anoskpc4gu608ngetw,2024-11-29,,2026-10-11T04:05:22Z,2026-10-11T04:05:22Z,1,RuntimeError('popup HTTP 502')
backfill,match,6cai0ks8w2oy33gp32bwvzy1g,6cai0ks8w2oy33gp32bwvzy1g,2024-11-24,,2026-10-11T04:05:22Z,2026-10-11T04:05:22Z,1,RuntimeError('popup HTTP 500')
backfill,match,6x7muo25mpm0pflmu9sajsoic,6x7muo25mpm0pflmu9sajsoic,2024-11-23,,2026-10-11T04:05:22Z,2026-10-11T04:05:22Z,1,RuntimeError('popup HTTP 502')
backfill,match,718xfkjsr9yxi3949rqytllp0,718xfkjsr9yxi3949rqytllp0,2024-11-30,,2026-10-11T02:20:16Z,2026-10-11T04:05:22Z,2,RuntimeError('popup HTTP 500')
backfill,match,ah53fq4swed2mcdtyk7pmwzkk,ah53fq4swed2mcdtyk7pmwzkk,2024-11-30,,2026-10-11T02:20:16Z,2026-10-11T04:05:22Z,2,RuntimeError('popup HTTP 502')
backfill,match,akrnhoj8t2mqcfkl2aa5srv2s,akrnhoj8t2mqcfkl2aa5srv2s,2024-12-08,,2026-10-10T21:01:19Z,2026-10-11T04:05:22Z,5,RuntimeError('popup ReadTimeout: The read operation timed out')
backfill,match,aravbq9eo610wkgvfsq5q0u1g,aravbq9eo610wkgvfsq5q0u1g,2024-11-24,,2026-10-11T04:05:22Z,2026-10-11T04:05:22Z,1,RuntimeError('popup ReadTimeout: The read operation timed out')
backfill,match,atpcroe11b11ot6i7v9ooffv8,atpcroe11b11ot6i7v9ooffv8,2024-11-24,,2026-10-11T04:05:22Z,2026-10-11T04:05:22Z,1,statistics page failed (saved without statistics)
backfill,match,avlm2j8951vwz2zkvqvzcu0ic,avlm2j8951vwz2zkvqvzcu0ic,2025-02-06,,2026-10-10T21:01:19Z,2026-10-11T04:05:22Z,5,"WrongMatch('popup 2032776 shows None, not avlm2j8951vwz2zkvqvzcu0ic; no fallback had the match')"
backfill,match,az2wfop0pw80tf8ag3rajwa38,az2wfop0pw80tf8ag3rajwa38,2024-11-24,,2026-10-11T04:05:22Z,2026-10-11T04:05:22Z,1,RuntimeError('popup HTTP 502')
backfill,match,bhnlnsx92jegsi82ogkq62xw4,bhnlnsx92jegsi82ogkq62xw4,2024-12-04,,2026-10-11T02:20:16Z,2026-10-11T04:05:22Z,2,RuntimeError('popup HTTP 502')
backfill,match,cb4pj76jfmvxhwucni3p1d9g4,cb4pj76jfmvxhwucni3p1d9g4,2024-11-23,,2026-10-11T04:05:22Z,2026-10-11T04:05:22Z,1,RuntimeError('popup HTTP 500')
backfill,match,cel9l1tr87t8ro4lz8nhacv10,cel9l1tr87t8ro4lz8nhacv10,2024-11-30,,2026-10-11T02:20:16Z,2026-10-11T04:05:22Z,2,RuntimeError('popup HTTP 502')
backfill,match,cfd7927a1ej3htieplj0415hw,cfd7927a1ej3htieplj0415hw,2024-11-29,,2026-10-11T04:05:22Z,2026-10-11T04:05:22Z,1,RuntimeError('popup HTTP 502')
backfill,match,d90zl428d7mqd6cudr2b1ldsk,d90zl428d7mqd6cudr2b1ldsk,2024-11-23,,2026-10-11T04:05:22Z,2026-10-11T04:05:22Z,1,RuntimeError('popup ReadTimeout: The read operation timed out')
backfill,match,d9rdzhmd6z95n9jvepngq6as4,d9rdzhmd6z95n9jvepngq6as4,2024-11-23,,2026-10-11T04:05:22Z,2026-10-11T04:05:22Z,1,RuntimeError('popup HTTP 500')
backfill,match,dt9vuvjb17aik9b9w85q7y9zo,dt9vuvjb17aik9b9w85q7y9zo,2024-11-23,,2026-10-11T04:05:22Z,2026-10-11T04:05:22Z,1,RuntimeError('popup ReadTimeout: The read operation timed out')
backfill,match,edsbz0bq30xsbzj4ys80axous,edsbz0bq30xsbzj4ys80axous,2024-12-07,,2026-10-10T22:47:28Z,2026-10-11T04:05:22Z,4,"WrongMatch('popup 1889446 shows None, not edsbz0bq30xsbzj4ys80axous; no fallback had the match')"
results,match,1y28f885enhohgf49t7cuomj8,1y28f885enhohgf49t7cuomj8,2026-10-10,2026-10-10T06:00:00+00:00,2026-10-10T12:01:07Z,2026-10-10T12:01:07Z,1,RuntimeError('statistics page failed')
results,match,3qb0alnf9bqwcq4e00vtvawic,3qb0alnf9bqwcq4e00vtvawic,2026-10-09,2026-10-09T18:00:00+00:00,2026-10-10T05:59:41Z,2026-10-10T12:01:07Z,2,RuntimeError('statistics page failed')
results,match,53hdtqrme0eged9icm4g3npxw,53hdtqrme0eged9icm4g3npxw,2026-10-09,2026-10-09T18:45:00+00:00,2026-10-10T05:59:41Z,2026-10-10T12:01:07Z,2,RuntimeError('statistics page failed')
results,match,66usiwi2upqe1szwu3130e3o4,66usiwi2upqe1szwu3130e3o4,2026-10-09,2026-10-09T17:00:00+00:00,2026-10-10T05:59:41Z,2026-10-10T12:01:07Z,2,RuntimeError('popup ReadTimeout: The read operation timed out')
results,match,ait3n9616mft25464eqxqihas,ait3n9616mft25464eqxqihas,2026-10-09,2026-10-09T18:00:00+00:00,2026-10-10T05:59:41Z,2026-10-10T12:01:07Z,2,RuntimeError('statistics page failed')
