run_at,job,dates,matches,errors,requests,duration_s,summary,error_detail
2026-10-06T15:24:44Z,settle,,,0,0,0,"{""selections"": 0, ""official"": 0, ""engine"": 0, ""none"": 0, ""void"": 0, ""disagree"": 0}",
2026-10-06T15:25:21Z,snapshot,2026-10-06 2026-10-07 2026-10-08 2026-10-09 2026-10-10 2026-10-11 2026-10-12 2026-10-13 2026-10-14 2026-10-15 2026-10-16,213,0,246,616,"{""matches_listed"": 213, ""fetched"": 213, ""odds_rows"": 20082, ""errors"": 0, ""morebets_fallback"": 22, ""unmapped_new"": 0}",
2026-10-06T15:36:12Z,results,2026-10-01 2026-10-02 2026-10-03 2026-10-04 2026-10-05 2026-10-06,896,0,3873,6618,"{""listed"": 1248, ""final"": 896, ""void"": 0, ""pending"": 11, ""skipped_done"": 0, ""official_markets"": 12814, ""deferred"": 50, ""errors"": 0, ""popup_mismatch"": 149, ""stopped_early"": true, ""unmapped_new"": 2}",match 4510828: RuntimeError('MatchData HTTP 502') || match 4569224: RuntimeError('popup 3277636: HTTP 500') || match 4569226: RuntimeError('popup 3277543: HTTP 500') || match 4567265: RuntimeError('popup 3228202: HTTP 500') || match 4569206: RuntimeError('MatchData HTTP 500') || match 4445173: RuntimeError('MatchData HTTP 500') || match 4566840: RuntimeError('popup 3250329: HTTP 502') || match 4473846: RuntimeError('popup 3175595: HTTP 500') || match 4537159: RuntimeError('MatchData HTTP 500') || match 4453988: RuntimeError('popup 3175813: HTTP 500') || match 4513941: RuntimeError('popup 3176151: HTTP 500') || match 4487970: RuntimeError('popup 3175179: HTTP 502') || match 4527977: RuntimeError('popup 3180647: HTTP 502') || match 4504792: RuntimeError('popup 3176844: HTTP 502') || match 4527980: RuntimeError('popup 3180619: HTTP 500') || match 4481875: RuntimeError('popup 3176839: HTTP 500') || match 4449952: RuntimeError('popup 3179422: HTTP 502') || match 4495164: JSONDecodeError('Invalid control character at: line 1 column 682 (char 681)') || match 4561889: RuntimeError('popup 3198092: HTTP 502') || match 4429042: RuntimeError('MatchData HTTP 502')
2026-10-06T17:26:31Z,settle,2026-10-02 2026-10-03 2026-10-04,,0,0,5,"{""selections"": 52994, ""official"": 40906, ""engine"": 6748, ""none"": 5340, ""void"": 0, ""disagree"": 0}",
2026-10-06T17:28:00Z,results,2026-10-01 2026-10-02 2026-10-03 2026-10-04 2026-10-05 2026-10-06,176,1,917,1779,"{""listed"": 1243, ""final"": 176, ""void"": 0, ""pending"": 16, ""skipped_done"": 891, ""official_markets"": 3341, ""deferred"": 37, ""errors"": 1, ""popup_mismatch"": 27, ""unmapped_new"": 1}",match 4473846: RuntimeError('MatchData HTTP 500') || match 4527865: RuntimeError('MatchData HTTP 500') || match 4495164: JSONDecodeError('Invalid control character at: line 1 column 682 (char 681)') || match 4550662: RuntimeError('popup 3180422: HTTP 500') || match 4511466: RuntimeError('popup 3175211: HTTP 500') || match 4553775: RuntimeError('MatchData HTTP 500') || match 4566970: RuntimeError('popup 3261729: HTTP 500') || match 4553769: RuntimeError('popup 3180397: HTTP 502') || match 4510214: RuntimeError('popup 3180618: HTTP 500') || match 4513984: RuntimeError('MatchData HTTP 500') || match 4449953: RuntimeError('popup 3180658: HTTP 500') || match 4490409: RuntimeError('popup 3179636: HTTP 502') || match 4513946: RuntimeError('popup 3180687: HTTP 502') || match 4537149: RuntimeError('popup 3180513: HTTP 502') || match 4562890: RuntimeError('MatchData HTTP 502') || match 4513947: RuntimeError('popup 3182968: HTTP 502') || match 4570632: RuntimeError('MatchData HTTP 502') || match 4546728: RuntimeError('popup 3183025: HTTP 500') || match 4570631: RuntimeError('MatchData HTTP 500') || match 4546731: RuntimeError('MatchData HTTP 502')
2026-10-06T17:57:40Z,settle,2026-10-02 2026-10-03 2026-10-04 2026-10-05 2026-10-06,,0,0,4,"{""selections"": 70357, ""official"": 52055, ""engine"": 8451, ""none"": 9851, ""void"": 0, ""disagree"": 0}",
2026-10-06T18:45:32Z,snapshot,2026-10-09 2026-10-10 2026-10-12 2026-10-15 2026-10-16,0,6,23,66,"{""matches_listed"": 5, ""fetched"": 0, ""odds_rows"": 0, ""errors"": 6, ""unmapped_new"": 0}",A 2026-10-06: HTTP 502 || A 2026-10-07: HTTP 500 || A 2026-10-08: HTTP 502 || A 2026-10-11: HTTP 500 || A 2026-10-13: HTTP 502 || A 2026-10-14: HTTP 502
2026-10-06T19:19:02Z,snapshot,2026-10-06 2026-10-09 2026-10-10 2026-10-11 2026-10-12 2026-10-13 2026-10-14 2026-10-16,4,3,21,50,"{""matches_listed"": 27, ""fetched"": 4, ""odds_rows"": 119, ""errors"": 3, ""morebets_fallback"": 0, ""unmapped_new"": 0}",A 2026-10-07: HTTP 502 || A 2026-10-08: HTTP 500 || A 2026-10-15: HTTP 502
2026-10-06T23:34:45Z,snapshot,2026-10-07 2026-10-08 2026-10-09 2026-10-10 2026-10-11 2026-10-12 2026-10-13 2026-10-14 2026-10-15 2026-10-16 2026-10-17,3,1,18,32,"{""matches_listed"": 118, ""fetched"": 3, ""odds_rows"": 136, ""errors"": 1, ""morebets_fallback"": 1, ""unmapped_new"": 0}",odds 3125554: popup HTTP 502
